scenario_id,defense,method,param_label,grad_scale,test_acc,delta_acc_vs_b0,mse,psnr,ssim,lpips,dcor_before,dcor_after,psnr_before,collapse_epoch_20db,collapse_epoch_25db,best_epoch,verdict,recon_image
b0_vanilla_gs1.0,B0,Vanilla Split Learning,Cut-Layer 1 (grad_scale=1.0),1.0,0.9443,-0.0028,0.02502,31.21,0.9709,0.0046,0.7245,0.714,28.02,1,1,1,Sụp đổ trước FSHA (Tái tạo thành công),fsha_recon_b0_vanilla_gs1.0.png
b0_vanilla_gs5.0,B0,Vanilla Split Learning,Cut-Layer 1 (grad_scale=5.0),5.0,0.9377,-0.0094,0.13579,23.57,0.9057,0.0241,0.7245,0.7055,28.02,15,,30,Sụp đổ trước FSHA (Tái tạo thành công),fsha_recon_b0_vanilla_gs5.0.png
b1_gauss_sigma0.1_gs15.0,B1,Gaussian Noise Injection,"sigma=0.1, grad_scale=15.0",15.0,0.917,-0.0301,0.32644,19.99,0.8613,0.0629,0.7225,0.704,26.85,,,15,Sụp đổ trước FSHA (Tái tạo thành công),fsha_recon_b1_gauss_sigma0.1_gs15.0.png
b1_gauss_sigma0.5_gs15.0,B1,Gaussian Noise Injection,"sigma=0.5, grad_scale=15.0",15.0,0.933,-0.0141,0.39718,19.2,0.8445,0.0481,0.6591,0.651,17.04,,,30,Sụp đổ trước FSHA (Tái tạo thành công),fsha_recon_b1_gauss_sigma0.5_gs15.0.png
b1_gauss_sigma1.0_gs15.0,B1,Gaussian Noise Injection,"sigma=1.0, grad_scale=15.0",15.0,0.9328,-0.0143,0.21467,21.49,0.8631,0.0345,0.4379,0.6558,11.34,20,,30,Sụp đổ trước FSHA (Tái tạo thành công),fsha_recon_b1_gauss_sigma1.0_gs15.0.png
b2_dpsgd_sigma0.5_gs5.0,B2,DP-SGD (Client Optimizer),"sigma_dp=0.5, C=1.0",5.0,0.9434,-0.0037,0.0434,28.5,0.9683,0.0067,0.732,0.7272,27.77,1,1,1,Sụp đổ trước FSHA (Tái tạo thành công),fsha_recon_b2_dpsgd_sigma0.5_gs5.0.png
b2_dpsgd_sigma1.0_gs5.0,B2,DP-SGD (Client Optimizer),"sigma_dp=1.0, C=1.0",5.0,0.9357,-0.0114,0.07946,25.78,0.9317,0.0152,0.732,0.7144,27.77,1,25,25,Sụp đổ trước FSHA (Tái tạo thành công),fsha_recon_b2_dpsgd_sigma1.0_gs5.0.png
b2_dpsgd_sigma2.0_gs5.0,B2,DP-SGD (Client Optimizer),"sigma_dp=2.0, C=1.0",5.0,0.9438,-0.0033,0.0462,28.68,0.9601,0.008,0.732,0.7219,27.77,1,1,1,Sụp đổ trước FSHA (Tái tạo thành công),fsha_recon_b2_dpsgd_sigma2.0_gs5.0.png
b3_nopeek_alpha0.1_gs5.0,B3,NoPeek (dCor Penalty),"alpha=0.1, grad_scale=5.0",5.0,0.9343,-0.0128,0.38166,19.52,0.8622,0.0391,0.7245,0.6386,28.02,,,30,Sụp đổ trước FSHA (Tái tạo thành công),fsha_recon_b3_nopeek_alpha0.1_gs5.0.png
b3_nopeek_alpha0.5_gs5.0,B3,NoPeek (dCor Penalty),"alpha=0.5, grad_scale=5.0",5.0,0.917,-0.0301,0.60302,17.74,0.7657,0.078,0.7245,0.743,28.02,,,1,Sụp đổ trước FSHA (Tái tạo thành công),fsha_recon_b3_nopeek_alpha0.5_gs5.0.png
b3_nopeek_alpha1.0_gs5.0,B3,NoPeek (dCor Penalty),"alpha=1.0, grad_scale=5.0",5.0,0.925,-0.0221,0.19275,21.7,0.8678,0.0395,0.7245,0.1771,28.02,20,,20,Sụp đổ trước FSHA (Tái tạo thành công),fsha_recon_b3_nopeek_alpha1.0_gs5.0.png
b3_nopeek_alpha10.0_gs5.0,B3,NoPeek (dCor Penalty),"alpha=10.0, grad_scale=5.0",5.0,0.9212,-0.0259,0.84876,15.62,0.7324,0.0783,0.7245,0.1064,28.02,,,20,Sụp đổ trước FSHA (Tái tạo thành công),fsha_recon_b3_nopeek_alpha10.0_gs5.0.png
b3_nopeek_alpha100.0_gs1.0,B3,NoPeek (dCor Penalty),"alpha=100.0, grad_scale=1.0",1.0,0.918,-0.0291,1.52207,13.69,0.6427,0.0999,0.7245,0.088,28.02,,,30,Sụp đổ trước FSHA (Tái tạo thành công),fsha_recon_b3_nopeek_alpha100.0_gs1.0.png
b3_nopeek_alpha500.0_gs1.0,B3,NoPeek (dCor Penalty),"alpha=500.0, grad_scale=1.0",1.0,0.1,-0.8471,1.74526,12.0,0.1127,0.5502,0.7245,0.0,28.02,,,15,Chặn được tái tạo nhưng Utility sụp đổ nặng,fsha_recon_b3_nopeek_alpha500.0_gs1.0.png
b4_scramble_bs2_gs5.0,B4,Block Scrambling,"block_size=2, grad_scale=5.0",5.0,0.9405,-0.0066,0.06591,26.61,0.9492,0.0235,0.7199,0.7101,13.28,1,1,1,Sụp đổ trước FSHA (Tái tạo thành công),fsha_recon_b4_scramble_bs2_gs5.0.png
b4_scramble_bs4_gs5.0,B4,Block Scrambling,"block_size=4, grad_scale=5.0",5.0,0.934,-0.0131,0.33641,20.66,0.8919,0.0334,0.7199,0.699,12.67,25,,30,Sụp đổ trước FSHA (Tái tạo thành công),fsha_recon_b4_scramble_bs4_gs5.0.png
b4_scramble_bs8_gs5.0,B4,Block Scrambling,"block_size=8, grad_scale=5.0",5.0,0.9359,-0.0112,0.16704,22.55,0.8961,0.0321,0.7199,0.7106,12.84,5,,30,Sụp đổ trước FSHA (Tái tạo thành công),fsha_recon_b4_scramble_bs8_gs5.0.png
b5_deform_scale0.1_gs5.0,B5,Deformable Operator,"distortion=0.1, grad_scale=5.0",5.0,0.914,-0.0331,0.32548,19.22,0.7276,0.0571,0.7009,0.7546,19.25,,,30,Sụp đổ trước FSHA (Tái tạo thành công),fsha_recon_b5_deform_scale0.1_gs5.0.png
b5_deform_scale0.2_gs5.0,B5,Deformable Operator,"distortion=0.2, grad_scale=5.0",5.0,0.8704,-0.0767,0.63553,16.35,0.4524,0.1032,0.7107,0.6775,17.07,,,30,Kháng được FSHA & Giữ vững Utility,fsha_recon_b5_deform_scale0.2_gs5.0.png
b5_deform_scale0.3_gs5.0,B5,Deformable Operator,"distortion=0.3, grad_scale=5.0",5.0,0.5656,-0.3815,1.9276,11.77,0.1125,0.2216,0.7339,0.7078,16.12,,,15,Chặn được tái tạo nhưng Utility sụp đổ nặng,fsha_recon_b5_deform_scale0.3_gs5.0.png
b6_adp_ae_alpha0.05_gs5.0,B6,ADP-AE (Plug-in AutoEncoder),"alpha=0.05, grad_scale=5.0",5.0,0.9356,-0.0115,0.2041,21.94,0.8813,0.045,0.7143,0.7087,28.57,1,,30,Sụp đổ trước FSHA (Tái tạo thành công),fsha_recon_b6_adp_ae_alpha0.05_gs5.0.png
b6_adp_ae_alpha0.1_gs5.0,B6,ADP-AE (Plug-in AutoEncoder),"alpha=0.1, grad_scale=5.0",5.0,0.9335,-0.0136,0.24898,21.31,0.8796,0.038,0.7141,0.6964,28.61,20,,30,Sụp đổ trước FSHA (Tái tạo thành công),fsha_recon_b6_adp_ae_alpha0.1_gs5.0.png
b6_adp_ae_alpha0.2_gs5.0,B6,ADP-AE (Plug-in AutoEncoder),"alpha=0.2, grad_scale=5.0",5.0,0.9342,-0.0129,0.33785,20.39,0.8672,0.0326,0.7142,0.7054,28.3,20,,30,Sụp đổ trước FSHA (Tái tạo thành công),fsha_recon_b6_adp_ae_alpha0.2_gs5.0.png
b7_lightsplit_k512_F_s42_gs5.0,B7,"LightSplit (Fixed Ortho Proj, Mode F)","k=512 (CR=128x), gs=5.0",5.0,0.4465,-0.5006,1.81226,11.92,0.072,0.2074,0.6354,0.6603,12.26,,,5,Chặn được tái tạo nhưng Utility sụp đổ nặng,fsha_recon_b7_lightsplit_k512_F_s42_gs5.0.png
b7_lightsplit_k1024_F_s42_gs5.0,B7,"LightSplit (Fixed Ortho Proj, Mode F)","k=1024 (CR=64x), gs=5.0",5.0,0.489,-0.4581,1.71981,12.24,0.0985,0.1979,0.6795,0.6502,12.31,,,5,Chặn được tái tạo nhưng Utility sụp đổ nặng,fsha_recon_b7_lightsplit_k1024_F_s42_gs5.0.png
b7_lightsplit_k2048_F_s42_gs5.0,B7,"LightSplit (Fixed Ortho Proj, Mode F)","k=2048 (CR=32x), gs=5.0",5.0,0.2486,-0.6985,1.64104,12.37,0.1083,0.2021,0.6863,0.6648,12.45,,,1,Chặn được tái tạo nhưng Utility sụp đổ nặng,fsha_recon_b7_lightsplit_k2048_F_s42_gs5.0.png
b7_lightsplit_k1024_F_s42_gs1.0,B7,"LightSplit (Fixed Ortho Proj, Mode F)","k=1024 (CR=64x), gs=1.0",1.0,0.6492,-0.2979,1.6564,12.4,0.0939,0.2188,0.6795,0.5987,12.31,,,5,Chặn được tái tạo nhưng Utility sụp đổ nặng,fsha_recon_b7_lightsplit_k1024_F_s42_gs1.0.png
b7_lightsplit_k1024_F_s42_gs2.0,B7,"LightSplit (Fixed Ortho Proj, Mode F)","k=1024 (CR=64x), gs=2.0",2.0,0.6974,-0.2497,1.74807,12.05,0.0756,0.1949,0.6795,0.5862,12.31,,,10,Chặn được tái tạo nhưng Utility sụp đổ nặng,fsha_recon_b7_lightsplit_k1024_F_s42_gs2.0.png
